1,Juan,Perez,Av. Los Alamos,987654321,d,1234
2,Maria,Gomez,Av. Los Pinos,123456789,d,1234
3,Juan,Perez,Av. Los Alamos,987654321,d,1234
4,Juan,Perez,Av. Los Alamos,987654321,d,1234
5,Maria,Gomez,Av. Los Pinos,123456789,d,1234
6,Juan,Perez,Av. Los Alamos,987654321,d,1234
7,Juan,Perez,Av. Los Alamos,987654321,d,1234
8,Maria,Gomez,Av. Los Pinos,123456789,d,1234
9,Juan,Perez,Av. Los Alamos,987654321,d,1234
10,Juan,Perez,Av. Los Alamos,987654321,d,1234
11,Maria,Gomez,Av. Los Pinos,123456789,d,1234
12,Juan,Perez,Av. Los Alamos,987654321,d,1234
13,Juan,Perez,Av. Los Alamos,987654321,d,1234
14,Maria,Gomez,Av. Los Pinos,123456789,d,1234
15,Juan,Perez,Av. Los Alamos,987654321,d,1234
16,Juan,Perez,Av. Los Alamos,987654321,d,1234
17,Maria,Gomez,Av. Los Pinos,123456789,d,1234
18,Juan,Perez,Av. Los Alamos,987654321,d,1234
19,Juan,Perez,Av. Los Alamos,987654321,d,1234
20,Maria,Gomez,Av. Los Pinos,123456789,d,1234
21,Juan,Perez,Av. Los Alamos,987654321,d,1234
22,Juan,Perez,Av. Los Alamos,987654321,d,1234
23,Maria,Gomez,Av. Los Pinos,123456789,d,1234
24,Juan,Perez,Av. Los Alamos,987654321,d,1234
25,Juan,Perez,Av. Los Alamos,987654321,d,1234
26,Maria,Gomez,Av. Los Pinos,123456789,d,1234
27,Juan,Perez,Av. Los Alamos,987654321,d,1234
28,Juan,Perez,Av. Los Alamos,987654321,d,1234
29,Maria,Gomez,Av. Los Pinos,123456789,d,1234
30,Juan,Perez,Av. Los Alamos,987654321,d,1234
31,Juan,Perez,Av. Los Alamos,987654321,d,1234
32,Maria,Gomez,Av. Los Pinos,123456789,d,1234
33,Juan,Perez,Av. Los Alamos,987654321,d,1234
34,Dyronn,Huapaya,Mz D Lt. 30,986493854,dyronhuapaya@gmail.com,123456
35,Ludwing,Lopez,Av. Los Alamos,123456789,ludwinglopez@gmail.com,123456
36,g,h,f,4,g,111111
37,g,h,d,1,email,123456
38,j,s,dd,2,em,123456
39,Admininstrador,Sistema,d,0,admin@bcp.pe,123456
40,f,f,s,3,email@email.c,123456
41,Gilbert,Huarcaya,d,932400537,gh@gmail.com,123456
42,g,h,,999999999,g@gmail.com,123456
43,g,h,,932400536,ghm@gmail.com,123456
44,Gilbert,Huarcaya,,99999444,test@gmail.com,123456