1,Sede 1,Av. Los Alamos,987654321,email@gmail.com,0
2,Sede 2,Av. Los Pinos,123456789,correo@gmail.com,0
3,Sede 1,Av. Los Alamos,987654321,email@gmail.com,0
4,Sede 2,Av. Los Pinos,123456789,correo@gmail.com,0
5,Sede 1,Av. Los Alamos,987654321,email@gmail.com,0
6,Sede 2,Av. Los Pinos,123456789,correo@gmail.com,0
7,Sede 1,Av. Los Alamos,987654321,email@gmail.com,0
8,Sede 2,Av. Los Pinos,123456789,correo@gmail.com,0
9,Sede 1,Av. Los Alamos,987654321,email@gmail.com,0
10,Sede 2,Av. Los Pinos,123456789,correo@gmail.com,0
11,Sede 1,Av. Los Alamos,987654321,email@gmail.com,0
12,Sede 2,Av. Los Pinos,123456789,correo@gmail.com,0
13,Sede 1,Av. Los Alamos,987654321,email@gmail.com,0
14,Sede 2,Av. Los Pinos,123456789,correo@gmail.com,0
15,Sede 1,Av. Los Alamos,987654321,email@gmail.com,0
16,Sede 2,Av. Los Pinos,123456789,correo@gmail.com,0
17,Sede 1,Av. Los Alamos,987654321,email@gmail.com,0
18,Sede 2,Av. Los Pinos,123456789,correo@gmail.com,0
19,Sede 1,Av. Los Alamos,987654321,email@gmail.com,0
20,Sede 2,Av. Los Pinos,123456789,correo@gmail.com,0
21,Sede 1,Av. Los Alamos,987654321,email@gmail.com,0
22,Sede 2,Av. Los Pinos,123456789,correo@gmail.com,0